"","term","estimate","std.error","statistic","p.value"
"1","(Intercept)",71.9421732689655,4.8234407286768,14.9151150217826,2.26932698816079e-28
"2","Autogestao",3.73029528103448,7.01538673057632,0.531730526668775,0.595965754656727
"3","ensinoFundCompleto",14.4543243103448,6.82137529579751,2.11897508692269,0.0363023973882983
"4","Autogestao:ensinoFundCompleto",9.02170012403019,9.6729345980034,0.932674570744267,0.352994286440971
