"","term","estimate","std.error","statistic","p.value"
"1","(Intercept)",108.069753835,2.83241834816668,38.1545875470514,1.97771921625015e-109
"2","Autogestao",-9.49444221326097,4.6877425875267,-2.02537618821564,0.0438348387804178
"3","ensinoMedioCompleto",3.60733575542548,3.38178404960952,1.06669607003499,0.287083610172249
"4","Autogestao:ensinoMedioCompleto",16.2761447228354,5.31787786456978,3.06064658447213,0.00243630218978791
