"","term","estimate","std.error","statistic","p.value"
"1","(Intercept)",85.5612461032787,2.66312792397859,32.1281021962528,1.12541485490583e-71
"2","AberturaNovo",13.9706545401175,3.90576868645306,3.57692829802593,0.000460190085978895
"3","ensinoFundCompleto",9.66444568243559,5.26246605163537,1.83648608610639,0.0681415260321778
"4","AberturaNovo:ensinoFundCompleto",-2.94710067755594,7.12562343839241,-0.413591975921313,0.679726775927922
