"","term","estimate","std.error","statistic","p.value"
"1","(Intercept)",79.8555104875,4.8286748635667,16.5377692107674,1.58814491717799e-25
"2","AberturaNovo",-2.43377906249999,7.37592268954165,-0.329962658902439,0.742442538970945
"3","ensinoFundCompleto",7.6809821625,6.47834714170779,1.1856391753152,0.239891462577786
"4","AberturaNovo:ensinoFundCompleto",14.65044045,9.41282017062663,1.55643475434894,0.124247008623353
